generation,fitness,gene_0,gene_1,gene_2,gene_3,gene_4,gene_5,gene_6,gene_7,gene_8,gene_9,gene_10,gene_11,gene_12,gene_13
0,0.49,0.7981424042443157,0.8089308618600821,-0.6510821761802792,-0.6991380824166642,-0.2534110332928634,0.7979133414982031,0.3970433359130019,-0.022921159441287253,0.5517440236738864,-0.1589010285999728,-0.8721402132735052,-0.1870719176048592,-0.39752909817488025,0.8118471613606735
1,0.41,0.5566159341119137,0.15572354641128586,-0.45672031555160303,-0.16710309842794685,-0.3534426959023719,0.46385160120682367,-0.39790404818204783,0.0845914409399405,-0.4553166730104802,0.06320938465285501,-0.19756925795105026,0.9149772126100173,1.0,0.4642043696639263
2,0.57,0.33642185879074615,-0.3501129586127642,-0.5029453564928421,-0.3933872617688518,-0.2686155709235622,-0.3033225792085211,0.4371305028382493,-0.5862318877249753,-0.8078318068257611,-0.01663950484780306,-0.16196127397316248,0.6828461569316107,-0.6383047029678452,0.36260246574211413
3,0.68,0.13699536588553096,-0.25012736476483544,-0.42691629776636886,-0.4239416993109342,-0.5825651782092852,0.38204520235136596,-0.4601227162683438,-0.310479715661368,-0.5134697086889332,-0.1515439734885536,-0.31089313718479666,0.6443764121127786,-0.6125929638495171,0.4254126516726731
4,0.8,0.20423532430272773,-0.37918607292824025,-0.3137684474015523,-0.5463926649461355,-0.23481095740070154,-0.41722528135956666,0.4456983942888122,-0.49078545391598527,-1.0,-0.3334142573247463,0.11198472355710176,0.8644796744941143,-0.503259072643463,0.17887549348561044
5,0.76,-0.01863312037528314,-0.12562275680881277,-0.490677440118922,-0.3763805247317782,-0.11171180131543051,-0.4007451581507513,0.46100386681384115,-0.7567727069957225,-0.749019005628556,-0.09341990756791387,-0.28205273411623916,0.5327229730426437,-0.7361877856500194,0.2401189395919864
6,0.75,-0.002033988397827237,0.06992218919691867,-0.5390032262229172,-0.45773436891585784,-0.5315727271578392,0.2710990331657108,0.2168882440661374,-0.4771244246648855,-0.12257580920659698,-0.2725416194367868,-0.44602284312115914,0.6030622516237634,-0.6776971335722429,0.3838713563814418
7,0.72,-0.07886058399776343,-0.09177196615592523,0.07559670626344701,-0.3682044604273355,-0.7465492456252367,0.41046244764585216,0.05168510645923287,-0.06110077393714104,-0.4202506507700861,-0.1433547325555168,-0.43927824684132033,1.0,-0.8370956842829659,0.7485433358054513
8,0.67,-0.13666928120417127,-0.4487578157711437,-0.8248790882194298,-0.2050334271738981,-0.39197074112352936,-0.44304124249533633,0.5362943813842828,-0.9789575654293075,-0.5730175268864635,-0.11536617357327887,0.4453053402113256,0.6470503509320469,-1.0,0.4002009557629713
9,0.66,-0.07726974087407933,-0.22051355074056644,-0.21883211975215933,-0.08402645996197841,-0.19464846831180863,-0.31500183211228616,-0.05705573075922623,-0.373643654903753,-0.07273136153342222,-0.08355834974724503,0.16175800814691746,0.526935624380258,-0.9268343396068828,0.21544493810671728
10,0.65,-0.0006484086416997659,0.037869810939688005,-0.21926642260163703,-0.34680764417003584,-0.22588532336474182,-0.49232290793407096,-0.03956269432815046,-0.37019749007970576,-0.3374851026951025,-0.3747842343000327,0.1339259773413511,0.4141468941438585,-0.804515036248327,0.6330781311429614
11,0.67,-0.05936620993484855,-0.32945193433484216,-0.04268681495379323,-0.8974043852532132,-0.23941555689459554,-0.6359120434752857,0.4416416442449055,-0.5486972041298549,-0.26124273960835565,-0.44810642975802945,-0.021851361032477916,0.666297710592655,-0.9286500201021874,0.2996041644394422
12,0.62,-0.24254695817675553,-0.6205880931897464,-0.055445512791547164,-0.5162279626242763,-0.4582667927608232,-0.3852312810600988,0.6277954457128948,-0.7038996271715297,-1.0,0.13345524988780538,0.025995840232083695,0.6330529762973548,-0.9526256035807049,0.06231423309819211
13,0.62,-0.2249985059621261,-0.22245230650077058,-0.006072378612259219,-0.07921511346686305,-0.16854965806087505,-0.669599477486407,-0.39739831288066163,-0.3774920387366102,0.06765428668411022,0.16867295645505836,0.32769161563204435,0.6407526338485928,-0.313676392919933,0.4326609080608746
14,0.58,-0.2619467890037409,-0.6150297746622084,0.00781625409295289,-0.5346019232691381,-0.5844280092187343,-0.4384380110541811,0.39833649061886944,-0.7131119357638673,-1.0,-0.02388534625708771,0.021632940062380188,0.7041683574050155,-1.0,0.3477529743164095
15,0.62,-0.12485579526511072,-0.8087645083633603,-0.1630306112635968,-0.24505504035332754,-0.1193951684934387,-0.5676711245343233,0.8455299384394628,-0.8155589822662814,-0.7636772276712697,-0.1288268436128803,0.8577851649958337,0.5351516413452165,-0.6420625102419081,0.147554631737896
16,0.69,-0.168830722186798,-0.1923682083509453,-0.26067076692364427,-0.11515165555097054,-0.1949734366069088,-0.21116559692077158,-0.3768264313794668,-0.05142444019293954,0.014270882878594127,0.0996370825669114,0.988546503519287,0.47129004461921553,-0.7246126593165675,-0.19706556630454944
17,0.8,-0.054931784406510004,-0.23221823922519044,-0.2694758382485057,-0.052819030766915936,-0.07580040282982113,0.16603509110319734,-0.7785976757387763,0.03797728646234255,0.07546968616887494,0.03320163698358694,1.0,0.5671822427145221,-0.646513708009469,0.027304124799751514
18,0.74,-0.22418208757285113,-0.1873842078089189,-0.14929617579763527,-0.14450354180038608,-0.09771330527736737,0.1754933967427371,-0.8836492364716306,0.0149864517872625,0.20657731207406532,0.21869785849534032,0.90886879136623,0.6595760506335624,-0.585996899436848,-0.09146083495034775
19,0.73,-0.32009261991602345,-0.3836730337955775,-0.05607759291212519,-0.2876237020225827,-0.5616156549815744,-0.21455824282608935,-0.058148064993799514,-0.1263010540783049,0.4713530831230004,0.32202810164889883,1.0,0.5212367991492692,-0.640200472752023,-0.19320692249439939
20,0.77,-0.278643038204459,-0.5506853248581769,-0.06796747196310488,-0.003906179737101667,-0.3449377112211917,-0.0777813322502107,-0.6426267544202773,0.13198472241579218,0.07460800882194127,0.4123015649660283,1.0,0.7396309315732285,-0.28564554495080097,-0.04531305173783237
21,0.76,-0.2827327337705674,-0.48730424887125745,-0.09098908672775102,-0.07827413967992138,-0.5315965683015079,0.011349114023125453,-0.39923882055797233,-0.13111615057677414,-0.13713891066394152,0.7432940250956128,1.0,0.5013038608123662,-0.3031246991682138,0.03956687650765058
22,0.8,-0.22273975235806961,-0.44507990622815263,-0.06638725603464238,-0.11712442460786415,-0.1709959310147808,0.1038161876160788,-0.12787043961608535,-0.12552144555227335,-0.1892907725027535,0.6003098744859309,1.0,0.5433174990320474,-0.46869698548122274,0.12445008249017822
23,0.79,-0.07729239209390751,-0.4062974002489751,-0.11393292760266015,-0.3204572645908531,-0.29785206666977465,0.004096521986658025,-0.520237806961646,-0.3012661342289801,-0.15181640911559602,0.5145084416277711,0.9292351506820583,0.5434663614330844,-0.5185812785071828,0.07389403051266091
24,0.79,-0.007668257159588937,-0.6916150950206852,0.026225068347015032,-0.4880702661356796,-0.5393130141166432,-0.34512533875488544,-0.369709268586804,-0.21992555576352818,-0.2617463038236779,1.0,0.9586186955639008,0.6980660728317879,-0.06339698386410203,0.2604481997035976
25,0.77,-0.20482867788509707,-0.831000808842538,0.4375718424590668,-0.3127823283500938,-0.26156625570701875,-0.06253222141399778,-0.7536172761446822,-0.4373337922406617,0.010751001229783251,0.5638498790520861,1.0,0.3029604420272647,-0.4227655221223826,0.021896668264957328
26,0.77,-0.03299622216346722,-0.6908710380964207,0.2526420971129373,-0.6175547522800339,-0.2552095128146644,-0.38885897585291707,-0.1127337791715492,-0.05689506665146479,-0.3287465229652802,1.0,0.9461204275200914,0.6953853626824096,0.06077239933818987,0.12221452013752157
27,0.79,-0.23721240808202887,-0.7458136846420361,0.17817352405376802,-0.3184744111127276,-0.13097225998590437,-0.32053602904780903,-0.3764815678239498,0.14574907200337328,-0.25436854894697813,0.8191383893565382,0.927773149677646,0.3316328118522578,-0.3492162321961411,-0.03211615776560106
28,0.77,-0.04388355387497948,-0.4117999716384352,0.28828128255662117,-0.35693585141265394,-0.27177494052730766,-0.7908266877656206,0.14418157331487033,-0.296530480085651,-0.47132601525293205,0.9344615405875318,0.9255832905949428,1.0,0.03988107484445584,-0.016238742150897573
29,0.77,-0.45602055032326116,-0.886435964349043,0.39898836153493333,-0.05183042489173241,-0.19371956389136952,-0.23626506394084912,-0.4220920028592797,0.060701517040452395,-0.10726298988604703,0.6209209368962146,0.9698405324985576,0.25126176341788337,-0.3383696336095774,0.04464571696783423
30,0.75,-0.27615189503773335,-0.6308112193269234,0.3300928514203637,-0.2404161470351624,-0.3637611147086287,-0.8730385741423514,-0.6227683857358373,-0.291430613313576,-0.4940288728097661,0.9392131983426097,0.8830980543935846,0.689557726594307,-0.33758006292653087,-0.03840745839325639
31,0.75,-0.0021574483640088016,-0.6423082293828803,0.4271947882120015,-0.14275523224468695,-0.3637484711383305,0.015818390494107257,-0.7605363415545288,0.31543770464627224,-0.19011819273299546,0.7432979082347566,0.8783188860062074,0.4295847027152569,-0.06920096519855343,0.43105555733430884
32,0.78,-0.09097553965771896,-0.6838710890996021,0.4214926869561059,-0.31102790335606467,-0.23523214065841128,-0.45506638790362025,-0.3929689059770455,0.11448652541483424,0.1417445830666229,0.550642733827381,0.9244226532568012,0.394850419783582,-0.05088596473058751,0.14037283407430057
33,0.75,-0.053634970113501185,-0.509787480446879,0.27151645409219216,-0.44397416721685384,-0.17187431465654163,-0.9374748539084033,-0.20446909511786712,-0.1917310412237992,-0.17099934504650885,0.8062270139965153,0.9158140263585826,0.6805309220062183,0.4549631178669829,0.13419068212283644
34,0.74,0.003075880641980361,-0.6224174401582306,0.2741166262217748,-0.21299708022623243,-0.28174596402434665,-0.5565534883672759,-0.4849157158161453,-0.009902141246140493,-0.019387274229116944,0.4096301259268517,0.9804202431635678,0.21029152977154747,-0.1458746289748488,0.07854085666048723
35,0.77,-0.20296837353845718,-0.3559579535048319,0.6397843176768279,-0.4041400107687663,-0.33877636232265174,-0.5458358104409307,-0.49672987853901895,0.19135089519103068,0.2923304301002895,0.7625599854857535,0.9894287651008363,0.604503762788665,-0.1769511137331096,0.2250983728537027
36,0.74,-0.18070005193228034,-0.7340761955454833,0.038863216098241865,-0.06788918863896075,-0.06649096530187425,-0.5208697141345406,-0.6532400440546273,-0.07473175978164713,-0.1471180512877309,0.4699429372718527,0.9982546054520494,0.31433605622719724,-0.2656571167788559,0.006764462646369367
37,0.71,-0.06661111870947999,-0.49503231108860707,0.27772178366090894,0.019999819694082294,-0.12499040504104975,-0.5783197290766123,-0.6750342447865579,0.1891877114559719,-0.13516576618137877,0.49279156931780765,0.8850495706043056,0.35206670282185853,-0.16928035865436666,-0.012981706427785483
38,0.71,0.05195213099999574,-1.0,0.3432010745003306,-0.3753542008873398,-0.3570888762801949,-0.5140008488635799,-0.31813965291694013,0.11979838451564825,0.19518393027756878,0.4026224570641819,0.9827412754125094,0.3135055960934192,-0.11171276528707252,0.2124176032293547
39,0.73,-0.0859357696327648,-0.6755283750683276,0.43286260655777703,-0.32814088323219853,-0.21705384833141458,-0.6108767644965517,-0.6081564398142583,-0.11913079214695595,-0.05559401680544848,0.8260217428043577,0.8250386532187572,0.6827436131837583,0.06366449499857871,0.30741814375698606
40,0.73,-0.0632779573790388,-0.643607774003223,0.7069160273229778,0.004344249608439502,-0.0580965129175635,-0.662228475378344,-0.7538616826866721,0.272444122886384,-0.11710883383169624,0.6617058054610446,1.0,0.6350115886789374,0.21208709380057675,0.2688794607469486
41,0.72,-0.02651524308931749,-0.8938978318644281,0.27312888003773184,-0.39339777943394744,-0.36641672347759185,-0.4932659074758642,-0.4049081435896693,-0.0022780197112507172,0.20053701182231362,0.26356068985205716,0.6453081473668829,0.45971700703980967,-0.3230603217824319,0.10763529268620736
42,0.7,-0.22051503322160063,-0.4985435428940337,0.4681726958478044,-0.45341750761160327,-0.5141261735104267,-0.4478038299728998,-0.807631508200968,0.26000332995169095,0.42181103823396193,0.6763686111883457,0.7864365291629634,0.7961287150396487,-0.5448688560931592,0.06128450047285077
43,0.67,-0.09405969726353942,-0.6300251012758411,0.6000194668188726,-0.26635428388603044,-0.807757430237529,-0.6860447115539007,-0.8636418487992505,0.4037153067489939,0.3588650829629483,0.6572241502043127,1.0,0.4005535385237323,-0.37350855012772266,0.20792926465829187
44,0.69,-0.04554694927659776,-0.6900793176818781,0.4667894565446403,-0.28166421288494625,-0.7129704967664501,-0.7729795486204618,-0.7108032012064399,0.5325305970129831,0.35626781093254745,0.6988565923395876,1.0,0.3666390784596909,-0.2526218213150761,0.30184960172763853
45,0.68,-0.015049280064782934,-0.6395166662607308,0.6569766881227967,-0.1502218906614496,-0.6276070193278553,-0.8209099343516187,-0.6937255372737515,0.2645663745870759,0.2987103062597227,0.6282700260306853,1.0,0.6361923309335762,-0.3637255774789143,0.19377655537390032
46,0.73,-0.3822888257153101,-0.6054325740054458,0.5811302980276831,-0.32425322455929906,-0.18625230725679176,-0.6256953348814729,-0.4884713273129062,0.16735010852112236,0.10103145523866625,0.9474249081447663,0.888878352846607,0.3540194585690886,-0.0028630953353827177,0.24134257711507068
47,0.7,-0.10125686304453474,-0.637900393447164,0.569131592543607,-0.75300380170798,-0.7988539799022695,-0.8141364574580287,-1.0,0.8369385467247836,0.4802736758174764,0.9151575500526911,0.9630534398888664,1.0,-0.2652085308034793,0.2109759777905546
48,0.74,-0.18365636234573085,-0.7791253981095387,0.7137505173621648,-0.28416598868071374,-0.6683331204916864,-0.5230233421658539,-0.9940654469099021,0.3760335449960775,0.46602766054035305,0.49013733186315983,0.9703907554416026,0.3971997545634587,-0.5604280208952261,-0.12695298990475545
49,0.71,-0.060741890471227966,-0.7001433901915934,0.7072260853148268,-0.36745197485212877,-0.7806050907532115,-0.5668600748266139,-0.970970737872493,0.34882907321904094,0.45063973978371713,0.37297737905928424,1.0,0.4084954903912344,-0.5799043113979216,-0.09565575802387019
50,0.7,0.03909847761243708,-0.6327484238788968,0.7289474077224833,-0.3441969761192925,-0.7176402232092607,-0.4636103504932007,-0.9348567375943222,0.3122877762081394,0.3826840630324733,0.3464423524336632,1.0,0.2631427614092537,-0.6887581819871719,-0.26874022607236214
51,0.68,-0.01960178807888706,-0.6717385790974767,0.7618003059736533,-0.3567541261478689,-0.6995887592814336,-0.5770082676885384,-0.9184412704325999,0.2503516489476969,0.4226614353266472,0.22496188126710842,1.0,0.3487506212204711,-0.8427616357615838,-0.2881294161472119
52,0.66,0.012564212867507488,-0.6900681166533008,0.47326785548462286,-0.46752291858851364,-0.5736920256665363,-0.9835586811835128,-1.0,0.5617261859455802,0.4554708214544336,0.8336246827378025,1.0,0.7957428677948506,-0.3659214923811397,0.5640770254546705
53,0.7,-0.13351361205778564,-0.7514242803751783,0.6306101701028851,0.1258972055580742,-0.5706311284825509,-0.8575782862346893,-0.7303727480421572,0.4836986150018147,0.3544289502639052,0.38257685018583554,1.0,0.5123835754611161,-0.7462484673201322,0.20214880695538398
54,0.72,0.005597998273016394,-0.590838542194754,0.8143541465803844,-0.33553319917495156,-0.6520023965557136,-0.5935301643505267,-0.9031586234210253,0.3877402174993439,0.3486614163870948,0.11139004226393784,0.9639075153994289,0.5853948359903189,-1.0,-0.0393484879444871
55,0.74,-0.06949142244400144,-0.3201782144558048,0.6259364094182065,-0.5537300224373383,-0.7623754702152199,-0.8556295822672638,-0.9999368740653518,0.5000645574960556,0.7272058911649676,0.6191675205900218,1.0,0.6714477848909697,-0.3663482725381936,0.3570872720718511
56,0.74,-0.09888581958978451,-0.6363314887999432,0.7021656496844668,-0.04483907337515424,-0.27241852959486407,-0.8275255498114258,-0.44430843302863743,0.12615446653713114,0.142919397575899,0.31120553268126694,1.0,0.46760554263267545,-0.5272880528187338,0.022689520850016243
57,0.71,-0.04294832628989144,-0.5993133901409884,0.7479141868257426,0.16624606350860688,-0.2085945819261339,-0.8914783743210815,-0.42417882073329805,0.29613807276888987,0.18380783319773672,0.16536362967356927,1.0,0.3324674353603838,-0.7793110906901329,-0.22278209386262052
58,0.67,-0.13848936250838217,-0.5698031823877848,0.7775166202981898,-0.2362487400779475,-0.6327910473579833,-0.418341314309369,-0.805388574818979,0.451393565214202,0.5968708000975116,0.08685027131841747,0.9377677378562517,0.6137197966440555,-0.9153929324668513,-0.1201134238577615
59,0.75,-0.09164329032430556,-0.2785320525053813,0.6070326851763048,-0.06465192728484939,-0.18870884232438476,-0.7629597658275307,-0.6910495835196466,-0.309687956159708,0.12589132026426425,0.2839134777812012,1.0,0.6581439372638487,-0.6212290483076512,-0.042059585131913865
60,0.71,-0.09962176903823941,-0.4783951923920772,0.9512171435499206,-0.04499513059962496,-0.3312592993711233,-0.6172936718461304,-0.7020113012337452,-0.3244251870504206,-0.004912598413638586,0.47265780771987176,1.0,0.48708721710062836,-0.5820187591792035,0.1645027745869827
61,0.7,0.023827635370977342,-0.21248279367990702,0.9638453565219255,-0.21476210079369593,-0.487909799349587,-1.0,-0.9988160681064758,0.6259735731566506,0.28046866780721424,0.11807821222352924,0.9774297621909664,0.3275058606285791,-1.0,-0.1161953199811785
62,0.68,-0.05310661451988287,-0.2503059723145515,0.5995320919819834,0.10163967195518836,-0.5879072570243223,-0.8991510491246818,-0.5406254869898179,0.15685248980230626,0.46248721446823526,0.27823844514556895,1.0,0.1610878599820028,-0.9495019153194311,0.14847285721890816
63,0.69,-0.024125984040369988,-0.38246687741769697,0.6198188011846906,-0.011277955162770387,-0.2948346361247221,-1.0,-0.727359625976392,-0.4246909944104681,0.2617497911359793,0.35654983470053403,1.0,0.3857224365746665,-0.6603217322504138,0.20103056675683134
64,0.65,0.19193966922124167,-0.3330569927560786,0.4810383555753741,-0.10138797299101986,-0.2377704255248041,-0.7976080634842118,-0.814719219652692,-0.41387501402641674,0.17684439289077628,0.09100908340996243,0.9385901214143045,0.3709177976347296,-0.43952154369334384,0.02654318440336105
65,0.69,-0.021371139709618084,-0.1231880203138471,0.9719682886531039,-0.294829537206193,-0.6356812944654565,-0.7697277199855731,-0.7930813906141262,-0.01255261592887541,0.428404572377417,0.08142698616187191,0.9558704179449163,0.1281891124182731,-0.7770780763533289,-0.016406851986212508
66,0.62,-0.07325894583241252,-0.7898803500940973,0.9684615866588582,0.11165715471006088,-0.2252103593902801,-0.9129363257329594,-0.7969278894690945,-0.34547943421228144,0.08359520356154704,0.3211766281821275,0.873102310149089,0.4297661451294367,-0.9047862782977569,0.13456064557470035
67,0.67,0.35256550942721787,-0.14253050183316415,0.8699170435299687,-0.17697533982063898,-0.60134213542923,-0.8133272139871217,-0.8694553595105058,0.0642274860146673,0.3651899490790852,-0.10949228068537997,0.9322592288241194,-0.07312066736380589,-0.5298282730184338,-0.07528728978907534
68,0.73,0.3388362553683965,-0.22827298671748053,0.7706425788751182,0.08509810913143412,-0.30609597210749234,-0.8154717540683809,-1.0,0.6024867211548282,-0.03468121985681247,-0.5030308791395305,0.9512233786749309,0.03711630080992222,-0.9736644555645254,0.1078584847152276
69,0.77,0.37489602840289715,-0.2427358202215874,0.8383386814003224,0.08607875609352442,-0.0007390790113267903,-0.5359041371910891,-1.0,0.3152566783485176,-0.061751480980539085,-0.4591048392401873,0.743304379486617,-0.24833406347244402,-0.7860855704863434,0.18353524211619515
70,0.71,0.32884223164387777,-0.32736181126249514,0.6946970835664656,0.07538176446016132,-0.052750903257150455,-0.7108679316758835,-0.9948563048537181,0.5157351210434619,-0.06290942934095137,-0.3883284834032271,0.8609676031647786,0.12087351232959725,-0.8631477834870422,0.03342799656518272
71,0.71,0.27735107345179366,-0.27517786386938686,0.8865777782270972,0.013063408434051307,-0.38011561043156994,-0.2894210731224401,-1.0,0.2716832031778471,-0.2191609222934626,-0.36659572649538613,1.0,-0.013315404440552181,-0.8442264231302021,0.3227553570186258
72,0.72,0.6774801550867834,-0.16495370207047777,0.8976544281843082,-0.11066012230139455,-0.061636280533007265,-0.5725004426842046,-0.6805854517837702,0.9536178094695268,0.16174989080510302,-0.44630237796544336,0.7966736734467308,-0.14796432110709976,-1.0,0.3024603035422276
73,0.75,0.6079090068352755,-0.4849855824654752,1.0,-0.052992972717761974,-0.06690105649542169,-0.47246518476638966,-0.7572918426715547,0.3899619169025105,-0.1666441205434695,-0.7559358307329807,0.6567140118529441,0.015836995351856745,-0.9174722185299657,0.2814795440005281
74,0.77,0.5082962751785113,-0.17645647812588844,0.9049704458373379,0.10245987698339232,-0.3537978756546277,-0.059584132555249275,-1.0,0.12135135498065508,-0.013276005310907557,-0.09873046093851146,1.0,0.21731265329879096,-0.7167283860188624,0.3205470853351665
75,0.81,0.6437549710434269,-0.11266872232534117,1.0,0.02797748277915687,-0.2767423443526565,-0.42673322311428563,-0.9402444868838513,0.16063490149024745,-0.12976223860024322,-0.582993391615523,0.8337778083757496,-0.31012545306048167,-0.8122135359115388,0.08990607737137697
76,0.76,0.5573033569679016,-0.24595322588121293,0.9210123399584683,0.26588670887498034,-0.16788687349625234,-0.42220130299974545,-0.9197671713211459,0.2277105775413102,-0.057334483950957485,-0.6058200239532752,0.8554748390848245,-0.36348413007059416,-0.7656753738636896,0.1117256123364292
77,0.8,0.5702592742507584,-0.5047038636189816,0.9133466902614841,0.2960971480714245,-0.181092889944874,-0.4124764688206533,-0.886493188075885,0.22571350294362744,-0.08568814901842978,-0.5903317995153485,0.8936873771539502,-0.18824770881792155,-0.8063078100358381,0.09747886520086298
78,0.74,0.5736941656570737,-0.3368456283655856,0.9127192793381577,0.11831081022865704,-0.1157580269833216,-0.1961937818632834,-0.8505845006758812,0.2109389197807994,-0.24846317155400327,-0.6205594101115819,0.9010437562760351,-0.1871812921217098,-0.7074374464852363,-0.06551451404812851
79,0.77,0.696081640672238,-0.13386673654152387,0.7795362855152682,-0.03438912491770281,-0.280436532188164,-0.8468517938926552,-0.8613120495567159,0.3675778008642109,-0.43921833866915666,-0.5496393045645536,1.0,-0.41995856307523904,-0.7712501298966141,-0.031587545281021874
80,0.8,0.5485639100292545,-0.15755601849230977,0.8530702627592043,-0.05885160521791695,0.05120211317200382,-0.557335734436715,-1.0,0.10514526356700858,-0.4591546238623758,-0.6956871474624569,0.9433414686458609,-0.216955096013151,-0.7138454647071838,0.14609734900828644
81,0.79,0.37421965336854873,-0.427581546893961,0.8987386270446289,0.2686778141492254,-0.041692968355063836,-0.37468313241013584,-0.8918171833233861,0.22693249438212904,-0.5414581479382706,-0.4755237882553263,1.0,0.02718060510587901,-1.0,-0.02695175546928058
82,0.79,0.15427179788898626,-0.21171926165163357,0.921677715424525,-0.12080323494329667,-0.0924669216336195,-0.3528966696042386,-0.9035606539577454,0.10468766206202525,-0.4400370772257875,-0.566686275502805,1.0,-0.3275664751482211,-0.8795840268223696,-0.21422618021100379
83,0.79,0.4537289049670561,-0.20408662176167472,0.5826006060028059,-0.014832842322460158,-0.20882890624649084,0.2147309846726041,-0.6051446619754267,0.3678240888947171,-0.3350553535850122,-0.7612481380510582,0.9827968144043098,-0.013643576355134024,-0.4758626307265611,0.23071179081847715
84,0.76,0.50442542910649,0.11523597869013955,0.46170226309774476,-0.017072989711425526,-0.25367519195476096,0.41923540414227667,-0.7952153062668254,0.22198059761725017,-0.4674605011622176,-0.7209944418355615,1.0,-0.11589904954317262,-0.7661425274723379,0.10905983075319554
85,0.76,0.385315940835462,-0.4674313340751559,0.3914138691648128,0.3567570357664894,-0.06865381013521937,-0.2421039667996989,-0.8737307545591296,-0.03938081557768458,-0.5984177677869561,-0.5452148992716801,0.8470125251086639,0.0734217878633994,-0.575121870881208,0.3950458800114106
86,0.84,0.6284867577648012,-0.3229994485199731,1.0,-0.3390811566341638,-0.2560169463766141,0.08817452801646716,-0.7032240306271522,0.28532997069024135,-0.37871513609536317,-0.9156430845868004,1.0,-0.025631890538256277,-0.8692945036404068,0.17848200879450826
87,0.77,0.5635094639830823,-0.6714393108838944,1.0,-0.13395946170321366,-0.02546256322255712,0.08676944108777482,-0.33404258963550737,-0.14803562934733963,-0.13632104089798447,-0.6231214169656719,0.8995954588065455,-0.12261029398830567,-0.5732612217500596,0.20857328739398012
88,0.79,0.465838179453907,-0.878551291797264,0.8066397049454284,-0.17242858397210825,0.05243620129333601,0.029222813269095857,-0.33189300093082286,-0.10467334979964305,-0.07626766441628768,-0.5485395678415667,0.9950142188457338,-0.06190045009577663,-0.48924401317055866,0.13217742815170047
89,0.78,0.44106937881573716,-0.7260154082614603,0.8443652789321844,-0.1472192862320915,-0.1729185126832547,0.0838615309222285,-0.4245828441246369,-0.33914530629936446,-0.5150511266173718,-0.6451239441556318,0.9803959282970002,-0.28747087977885427,-0.6877394301736424,0.14945234573078975
90,0.77,0.4704197318263428,-0.5139563928654796,0.8204719564518236,-0.38495411530801826,0.08384114417892216,0.07591874871695428,-0.3570652579352006,-0.029258205424691548,-0.1486358021102998,-0.4845490375183556,1.0,0.044202523457040885,-0.709989463883281,0.25117761347379364
91,0.77,0.5381884434243406,-0.6353379762749065,0.7143859862555866,-0.40114937831493036,-0.1601513127224322,0.0072571934212388445,-0.3489878375894552,-0.13802555702092403,-0.11528718794106643,-0.4745988201895812,1.0,-0.05966210670417249,-0.5848767254554227,0.11917851934718413
92,0.85,0.39102589937055887,-0.5197048972416966,0.8852689350146685,0.0858609634583575,-0.26171510667011844,0.0645761992362278,-0.20720197390290807,-0.4038298500002182,-0.17496689062231763,-0.5634601894545844,1.0,-0.4161337956721412,-0.8141124135029988,0.005231861902887935
93,0.78,0.8217084754170011,-0.6493471106722016,0.9675226991836604,-0.3230586880461728,-0.24616001455908382,0.11230302311658774,-0.7822004965182522,0.08267400753552243,-0.7614154514746376,-0.8670294458060814,0.8417274762751699,-0.35494044735860025,-0.5303993979410204,0.4869754760540844
94,0.84,0.4953267400548449,-0.32976121039653805,0.7915748818847047,-0.3140410640496427,-0.23847150501250028,0.19618634515418004,-0.2769443758400982,0.0726838499143792,-0.15984227994319206,-0.6462101392999005,1.0,-0.16332571426639025,-0.7469387698510335,0.14052554502077721
95,0.8,1.0,-0.23586369447621425,0.9414575771381427,-0.0811414598338592,-0.2110323948952018,0.02938389965952362,-0.7730399005966011,0.09697874078438645,-0.3257545458400915,-1.0,1.0,-0.09000211638634009,-0.7997886825076599,0.5246125488061151
96,0.79,0.8173270676589435,-0.845838210243593,1.0,-0.5134919980074042,-0.15835190396169377,0.2627533740213041,-0.3321549745028379,-0.24491985191467566,-0.33402650414924584,-1.0,0.7759534113802325,-0.36128328631337525,-0.6664103772197296,0.3146131817184889
97,0.82,0.9112288104890482,-0.848902223753518,0.8944496429566642,-0.3929979440818436,0.0337293005980177,0.1355952333438146,0.003307364770929404,-0.6168875960163419,-0.2043826459013186,-0.9555165390630828,1.0,-0.3558066679586193,-0.6728478171302233,0.31964912052368666
98,0.78,1.0,-0.1693703487316317,0.8927670162269123,-0.09257955462458665,-0.05020776660922559,-0.0008026717342766851,-1.0,-0.07110972146596714,-0.2788318810786544,-1.0,1.0,-0.2465988134310866,-0.7732778430378288,0.4860698096576053
99,0.8,0.373244121629417,-0.36168900320477426,0.8565693207174653,-0.23051250487984354,-0.2546675269309506,-0.004781970382006187,-0.27928838571946674,-0.42360312166588376,-0.32848298630641126,-0.6125650032972803,1.0,-0.22614347470430732,-0.6959997990895479,0.05347838859219346
100,0.85,0.3415850564122859,-0.7906056090852501,1.0,-0.05554499318096168,0.11208865090015344,-0.09039138653561339,-0.6824371993382969,-0.2444552617531132,-0.46153245726316905,-0.6635453908500696,0.9956569563942848,-0.4732011672522132,-0.7711266129325045,-0.04635599457696585
101,0.81,0.5922220987013387,-0.8558547399749246,0.7600573461191745,-0.3636632902908084,0.045162036415141174,0.13742126765885998,0.2881858843684338,-0.2862201230817325,-0.17034217603406207,-0.760205610212288,0.9564694914025443,-0.09115252349992745,-0.5556019256982372,0.2485423804540017
102,0.81,0.8375566158549614,-0.22286017902711897,0.5969893104229657,-0.15516910631108255,-0.11848651421029958,0.05333831703630415,-0.31388421628754276,0.00013666854464190747,-0.5230514321869333,-0.7421326582864937,1.0,-0.26761882228913014,-0.8659996407240661,0.45399452222010406
103,0.82,0.5194874014158701,-0.8359016598425156,0.8430243335598819,0.04022127779619424,-0.08107995729518186,0.15516165045807437,0.26959491450716006,-0.3425033029855885,-0.4271909973738066,-0.8290836517861421,1.0,-0.18299069709006408,-0.9618384234944457,0.1889646173302363
104,0.83,0.39833380434016746,-0.8205753319653412,0.7617099226667634,0.08648424025196275,-0.11381065857220772,0.00627527015119691,0.1917483935766706,0.06157852237247144,-0.46666106153630366,-0.8274298524221932,1.0,-0.047049969536870476,-1.0,-0.01759576851312908
105,0.82,0.6245800572888783,-0.741500473567285,0.6449779926854682,0.007470806060215569,-0.016406594389413234,0.03366047321910896,0.12532215367337218,-0.2795133520654711,-0.48107291937872537,-0.9408432694791292,0.8077491032882094,0.017443532080824775,-0.9495877924978006,0.4046580866431032
106,0.8,0.9254068043097385,-0.18929511597117285,0.685579611013866,0.15170457179988953,-0.26603367372028836,-0.03401778580038241,-0.4704450292691628,-0.04756043809904273,-0.3762009903566952,-0.9077878623905671,0.7871008939147541,-0.10896280377998804,-1.0,0.33441310914031447
107,0.81,0.9500951167577733,-0.12181956085592573,0.8010526436925054,-0.09196678267426141,-0.4268357726600541,0.23455585491631353,-0.9279543416680562,-0.16623046889653778,-0.4907466572632982,-1.0,0.6267734465219372,-0.06555722023560936,-0.4076832895828355,0.3307039740172481
108,0.81,0.706020162663954,-0.02582696343362821,0.9607935227711522,-0.3368229589763695,-0.05385242266022581,0.18242998808436572,-1.0,-0.14104880300161277,-0.30582296424098643,-1.0,0.7445718286840509,-0.004727651219056217,-0.49781446674460245,0.5064351735392298
109,0.81,0.7877533519652418,-0.4261256081749792,1.0,-0.02634719355050477,-0.008472495397854052,-0.06929270368613553,-1.0,0.23971139731936847,-0.3925341392378998,-1.0,1.0,-0.24880982210786437,-0.5060700072382714,0.42438501257827993
110,0.8,0.5839298258980254,-0.3590646255204326,0.8271914305643706,-0.1896430153111548,-0.6389625840685502,0.04355063306172205,-0.34011055785844685,-0.15335641704985536,-0.25987208336210266,-0.7509808994820742,0.8259844337653233,-0.017655418385755406,-0.9047090492631175,0.38604045022649175
111,0.81,1.0,-0.2666518829425878,0.6002879079099899,-0.22366590051550703,-0.2257224642754221,0.05472190670903021,-0.8725098667004991,-0.22805409067180632,-0.6434209687979248,-0.8464939415753461,0.9854282948511262,-0.4028121143430673,-0.6359338327345015,0.37373696476257595
112,0.83,0.8291046778697376,-0.41230246917867086,0.9835902755236958,-0.31759784118972706,-0.6187084731194205,0.17691188521664303,-0.5122134941369738,-0.07129942880491291,-0.4543614339227754,-0.9446126710500589,0.9221550737236346,-0.039688663434462576,-0.9004582889710095,0.19062826479041703
113,0.81,0.4712771284688691,-0.32310679709067797,0.30578186685689746,-0.11666496762913116,0.025271789605584696,-0.11421862034437727,-0.27781905339754054,-0.25248365708255893,-0.42293065780389116,-0.9821822791692019,0.759882719844874,-0.24409146823318836,-0.565800199385086,0.3015442845369905
114,0.83,0.7061185373638494,-0.3818027604102563,0.828715546592675,-0.33066747865683993,-0.44702635382505135,-0.06710321835544075,-0.08378280313619887,-0.3027071270679811,-0.44847278336904806,-1.0,0.9451834827277895,-0.18558082008994248,-0.8543930977228258,0.13969410322309112
115,0.78,1.0,-0.4957043771558941,0.9517203079231324,-0.23483682723995403,-0.1166379676929003,0.45698382366485063,-0.3304498264887033,-0.2876914790747304,-0.46341701087528453,-1.0,0.6166542053033723,-0.25428787186217516,-0.7075618836031543,0.6242383752287205
116,0.84,0.5798814324930918,-0.4940582827889959,1.0,-0.06535321317890314,-0.14747050160150563,0.5942511113528155,-0.3962772560624733,-0.26783673168903827,-0.32839427237893287,-1.0,0.7458621861595307,-0.3551595286297325,-0.7140167880130113,0.6857040165216759
117,0.83,0.8590399928852555,0.14778558684689996,0.26971547361360454,0.025512423143466162,-0.028715842585172943,0.12952419947550017,-0.7700570752475978,0.044192428107204154,-0.2718772485269916,-1.0,0.8074427112714982,-0.5422783155012527,-0.7958923586034459,0.7270244178407268
118,0.79,0.7804452119454055,-0.23804126411778687,0.6071617925731948,0.11402460421380062,-0.2758690715438852,-0.07654331536738096,-0.2545726230474922,-0.4516367265494456,-0.6233986762998154,-0.9664194515437601,1.0,-0.2847089379919744,-0.6993082839174865,0.4232542396881486
119,0.78,1.0,-0.5486938194847241,0.7275375476196457,-0.36864453322273183,-0.04288475845283746,0.34455338850810713,-0.39545378170780826,-0.651438240981651,-0.5440030050025771,-1.0,1.0,-0.2077589645024357,-0.8670081787134329,0.5559934938399165
120,0.78,0.6379383032561002,-0.15591080264434734,0.7502041733684055,-0.04820684199729723,-0.05918065862903864,-0.009946346823219848,0.054102363839323375,-0.8024172624752556,-0.8449024066503987,-0.8544773322377859,0.7229996594757863,-0.29681265694040937,-0.8504970854820084,0.2877447019060474
121,0.83,0.8574938809109527,-0.5461754503203002,1.0,-0.49445898171594954,-0.1796338961228266,0.4417942567106142,-0.19738549377120468,-0.39083438923045366,-0.5369579549094698,-0.8952352573083785,0.9867021094604886,-0.43837724475401313,-1.0,0.5331853663025681
122,0.8,0.9306390222551666,-0.4896055483272192,1.0,-0.4317699153121501,-0.2824615169524139,0.38248521174919936,-0.195727091813935,-0.41712545667738465,-0.5688427434873559,-1.0,1.0,-0.46959261745739267,-0.8804628310391931,0.570805695104173
123,0.8,0.7769689820685071,-0.14632190836347173,0.6023884019208693,-0.31625137695686273,-0.027369177815899325,-0.23671994394397514,-0.1100854233123708,-0.3731630042296732,-0.4616116199416918,-0.8730605060774451,1.0,-0.29976857638472354,-0.7503844853342592,0.8040811968047149
124,0.83,0.7636154483154827,-0.03972436331877845,0.8046263956371646,-0.1597422395850959,-0.31326710871506586,0.024892232401251227,-0.3500158965141661,-0.6201182435717296,-0.648631379044478,-1.0,0.7721326842768578,-0.13584769388178397,-0.5597748374179072,0.669839150490833
125,0.83,0.646235686839957,-0.141791382597242,0.911612963974252,-0.5265250227666625,-0.11063289835161451,0.3296722797379452,-0.3235180972794777,-0.83556200447596,-0.9384429965503261,-1.0,1.0,-0.17635682295023697,-0.9785271707700249,0.8170569959025984
126,0.79,0.8401542066743014,0.4003982219486406,1.0,-0.5733357451912837,-0.25428875605605633,0.5492992069737391,-0.1478037338128148,-0.16759210831940569,-0.5848803725799703,-0.8907759389415547,0.9346998747719699,-0.03933463170729112,-0.8684274183689578,0.4768596087487918
127,0.8,0.6259259909091527,-0.5460429113391976,0.8224710717510123,-0.19619522582546178,-0.16772361912638395,0.30477651660187516,-0.33153131335166397,-0.8044341555247169,-0.9787491760549494,-0.8551842452608465,0.9807004057453189,-0.3005037168392678,-0.9124891369670064,0.34565500991402653
128,0.83,0.49815931708501693,-0.41154584781768383,0.8774732029917912,-0.09818855680308909,0.1269334763467838,0.1362205822917549,-0.32814649981837923,-0.5488854248617402,-0.5654108352580988,-0.9693169615246963,1.0,-0.1848534697138064,-0.7764031165270812,0.39574519442781575
129,0.81,0.846424235461582,0.10683857855221351,0.9467527249099953,-0.19887192624300776,-0.14816755135587203,0.16347456568987595,-0.37142581294508853,-0.08353688968251508,-0.2744676056075743,-0.894144875056432,1.0,-0.09408196642535051,-0.48654104748863847,0.36454282420280426
130,0.8,0.5260051832068371,-0.5170789446304733,0.9964634819053971,-0.004411304674472129,0.054017824466657205,-0.06458081749154793,-0.1318909393879095,-0.43351008625823106,-0.8383057869791495,-0.9476506509301275,1.0,-0.27379511638755744,-0.8641378562487696,0.25301494703578176
131,0.82,0.5729177171513414,-0.19246797007349628,0.6546249833164759,-0.3659738214845315,-0.23920111339005184,0.19913427251661647,-0.38060983406910126,-0.5830806135242746,-0.31848050525279525,-0.8230508555749315,0.9254401753471351,-0.17942847519850239,-0.7108496707311804,0.18373943000904885
132,0.8,0.27007298530705137,-0.6358376925384102,0.5873289564998321,-0.08248962432032073,0.1985031058286852,0.1879158513041807,-0.02607984626237772,-0.1187473950697871,-0.5555461913629995,-0.714431422918596,1.0,0.006884803019483771,-0.9474219369833542,0.16808475639101153
133,0.82,0.8026052057166968,-0.5157293854332446,0.8812167256736323,-0.20397563562269322,-0.19286668287083963,-0.0020684975028287533,-0.5133240955495564,-0.6642887795269059,-0.7667554211698309,-0.9949041809696538,0.5666342297341761,-0.14507813209152878,-0.6626022219432657,0.47507586486088804
134,0.8,0.9250187176038072,-0.2406403116955035,0.7011140822488008,-0.09368302940635599,-0.25986562722607437,0.21845810447927821,-0.2916569400784216,-0.19138868466110073,-0.6990174827305989,-0.9416357174312471,0.9050149304485868,-0.22545151805864388,-0.8560624110411142,0.47707634570158236
135,0.83,0.6400207693694839,0.38254054819842753,0.8928730359098299,0.016798880833051852,-0.34470254453562876,0.03667196716988308,-0.5764212585510298,-0.35980323732262864,-0.4495679603063265,-1.0,0.982608075266996,-0.04151919902683656,-0.5030652278246156,0.8580575190093409
136,0.81,0.7198065956739355,0.6355720345356353,0.9289635354483715,-0.2877842171777355,-0.26993837073525107,0.2574330536550891,-0.3693039665192037,-0.2763668441424923,-0.3967754668823723,-0.9038132294476682,0.7162551799618246,-0.21969114257891156,-0.8307957638728647,0.35604536464856945
137,0.78,0.6820077597473151,0.5085889958812764,0.632751202985075,-0.3180613683169656,-0.4025917758573914,0.14737241617884916,-0.5811925768228104,-0.28363020851427956,-0.4753179604665464,-0.7513831532076005,1.0,-0.12085317737653786,-0.9460954384997101,0.25996393180868016
138,0.82,0.6640279197993177,-0.22717884316242198,0.4972862463102863,-0.3089214146709865,-0.43241891063128757,-0.05278868965869724,0.27692732960185507,-0.19725117658538566,-0.4748077296297709,-0.7618252203686041,0.8868914288669498,-0.2544404363087217,-0.7115319851855222,0.030369197544451068
139,0.84,0.7766857560398969,0.8429043282176615,0.650875518142606,0.051020512698194645,-0.055363621334999655,0.42547667018468094,-0.37479731640572955,-0.312763027147996,-0.48393619573613234,-1.0,0.9740617836102093,-0.06809232239110857,-0.8068584516043283,0.9086160753722408
140,0.83,0.5331760775756433,0.09149561490434424,0.8725819988816976,0.022497374636860454,0.05948642504035195,0.057113464727802085,0.42739725866966977,-0.20991665230115325,-0.5746333094789504,-0.8664575568712904,1.0,0.056420686631150345,-0.5057892245013036,0.2412878429886772
141,0.84,0.9083947006816633,-0.5569193111533053,1.0,-0.2694212657111207,-0.032384636773324565,0.2683359535883781,0.7180263782994308,-0.4428337455424503,-0.6711417017197265,-1.0,0.9253296132471589,0.0361079841022351,-0.7834482109884411,0.5918046331287627
142,0.83,0.6023598266224512,-0.12408448604137354,0.7964246939050499,-0.34602484060801053,-0.4699284926962507,0.05326247156577846,0.12568345123937907,-0.3851914017161563,-0.6978747854513744,-0.8054014427509193,0.9143570828618294,-0.2579330231140539,-0.8761317817511164,0.1998909495878117
143,0.82,0.6745866308996132,-0.5492388471499344,0.670356143795884,0.03418310433201477,-0.18093458420681696,0.08613089752159701,0.034744812419616786,-0.32021814817931715,-0.6005811678904358,-1.0,0.8451567778675447,-0.08852192133808318,-0.7605986404129751,0.22361830809263689
144,0.86,0.5512056966246023,-0.15088664544361374,0.9773590890748196,0.04996216077415863,0.013838248826242114,0.0726152551763505,0.4907690810128429,-0.3766222701248623,-0.6949679960471263,-0.8788775768561734,0.9083391858285152,-0.3581305476706889,-0.4630141283399736,0.38026360013297
145,0.83,0.47467728557375055,-0.11325320402790388,0.8255484037261644,-0.0693603585176254,0.03729801598511509,0.3030625967143705,0.36631608221897505,-0.501731512230281,-0.43861519455401415,-0.8765048012696872,1.0,-0.14056864487922233,-0.9200388129763857,0.4245226730762608
146,0.82,0.5744519885653339,-0.23664732721214699,0.7451183438885196,0.2742371456080303,-0.1616100129829216,0.07871167432397366,0.45804183528608505,-0.4738383575331149,-0.7364642417850973,-0.9733358275997894,0.9176204973627041,-0.07887368648904712,-0.5688918400025081,0.28234041699597084
147,0.81,0.8198776922044212,0.23746427778094029,1.0,-0.3034562734667194,0.11034159838715721,0.3727735253461401,0.45513589253326925,-0.5439291152985819,-0.6461507886409561,-0.9768641691308677,0.8152399026153282,-0.2109714606756563,-0.7575991250267818,0.4923595384627786
148,0.84,0.7303985806534047,-0.03526297418101936,0.9300270869889511,-0.1060301544719238,-0.08847828601585075,0.34756821454884423,0.49123339218055684,-0.48349329386543843,-0.47175290383442825,-0.8116913514753511,0.8903744803842244,-0.23416649461253894,-1.0,0.5520284836554749
149,0.83,0.6844845040746049,-0.3194444529215681,0.9310165741743401,-0.17628986068660413,-0.33509936199661305,0.1376986271738631,0.3235826886666138,-0.46717095950011855,-0.5884778875276476,-1.0,0.5774133612561109,-0.24862637617602842,-0.6316327347121253,0.48747563517679354
150,0.83,0.6000346739023874,-1.0,0.25961833103173154,0.0071208670482581365,-0.13971157834512068,0.11018996645588028,0.394283518306875,-0.060998370115529006,-0.5070557926075899,-1.0,1.0,-0.08466567401934591,-0.6983044009247702,0.2934426025240068
151,0.79,0.7736003289852161,0.03707155936216744,1.0,-0.13714393325600577,-0.019232022380340733,0.29425257900727847,0.2955558334080659,-0.45190709216550334,-0.7169487601336434,-0.9174896541633992,0.9314062162944254,-0.3009658140177115,-1.0,0.3105959500310652
152,0.8,0.644309627668472,0.13371347680970547,0.6577910543890753,-0.09178033343211359,-0.477916838505492,0.10803044557801521,0.7243319835878516,-0.42642807245471814,-0.4898687783619494,-0.7460063078274055,0.7651489792730064,-0.17008636324972182,-0.8765461047420022,0.26098258074712793
153,0.84,0.778613208936483,-0.39047461434103675,0.627158572663009,-0.1959069340063305,-0.21184700182988567,0.1304703069424952,0.3510507292195491,-0.4283027209459765,-0.5752960703759469,-0.9580493175950703,0.7780417789332909,-0.2425647179416605,-0.9056222927947113,0.41288594065010625
154,0.79,0.7490429514940202,-0.29816941037504413,0.6039287604971512,-0.2265606660687599,-0.08392470590732568,0.24650091921421013,0.29504508676250263,-0.3154447667958368,-0.5602784404639215,-0.9459319396084646,0.6744260866917096,-0.17261875854115927,-1.0,0.46795354527227134
155,0.81,0.7230963431285033,-0.47916936305646035,0.5430884191164802,-0.20564736994022928,-0.03788977636452156,0.1838435356922497,0.25856531340903377,-0.3509437355465165,-0.42517075647279606,-0.9089196439269877,0.7859896762315087,-0.24867889809158214,-0.9994102138354435,0.3582928585145043
156,0.79,0.7100011566738977,-0.2937715867314804,0.3657479732424348,-0.24943865097286191,-0.09357018883445681,0.12370042329689894,0.06240643137202584,-0.4080088415012744,-0.5443102976414869,-0.9450330273545026,1.0,-0.20199275572975867,-0.35088624738277924,0.43021697087141414
157,0.84,0.5447058884678506,0.02590381167895575,0.5015964049877196,0.12531051962625478,-0.11428908450160614,-0.07728155804208245,0.11953272218364457,-0.45728274267359803,-0.7511967570550535,-0.8247378606398785,1.0,-0.4127179717635955,-0.8504135237646362,0.10418908878083272
158,0.8,0.5542713252408416,-0.022309718412211563,0.4803065879329378,-0.05683234311733107,-0.04583206403603997,-0.1642871913015539,-0.3171970304782364,-0.5849056314349762,-0.6448226344341903,-0.7087233091261512,0.8979291000757671,-0.3310910101582214,-0.33730283445100767,0.2678980061243699
159,0.82,0.6378893198193508,-0.029699332795241007,0.6936211611201204,-0.17957848646145036,-0.08752555002700027,0.19141961982366693,0.045534774086215396,-0.5036793560299753,-0.6635649386130799,-0.8140159146080784,1.0,-0.4152938192771899,-0.9969989746236249,0.12448989986076284
160,0.81,0.6151618896149911,-0.028225567611362676,0.6052408084686078,-0.17486438319815392,-0.029544301300250625,-0.10851559426442954,-0.08125957440390552,-0.8264920734097492,-0.7317302595965889,-1.0,0.6664158667968939,-0.4026248546716375,-0.9202686764691906,0.26561287157148267
161,0.79,0.7319718195398686,-0.6481080736183016,0.9278033877008284,-0.15293966530954578,0.2521802382601885,-0.12500913041520229,0.57751613642807,-0.772611982092661,-0.5995630647863193,-0.8995868040718812,0.8955159554874861,-0.4140912347030294,-1.0,0.4177262658003756
162,0.81,0.49751207966269445,-0.020287569001756052,0.7068395667557898,-0.18005498724199032,-0.0864888235779527,-0.08735464030285994,-0.02038456778305358,-0.598098128846975,-0.7455590444108557,-1.0,0.8922760586310178,-0.34592628877168147,-0.7905032103056547,0.3843336608387808
163,0.84,0.5904924520503988,-0.39971466425502744,0.6547198822726472,-0.09218606490519887,-0.02536154388318635,-0.05261379535200203,-0.06992342403174051,-1.0,-0.4160989528076648,-0.9129069082132233,1.0,0.040959879091287385,-0.8799007359952848,0.23082581107935568
164,0.8,0.601277143604254,-0.721853193420083,0.3707879488593569,-0.11984558238607816,-0.0575648939155887,0.11422725149917942,0.06495022649345046,-0.7700663700671734,-0.8730412718419733,-1.0,0.6196700445696174,-0.2359993354960014,-0.57366332312049,0.17885792170169806
165,0.82,0.7959735468146596,-0.41359949284513503,0.7691299757642514,-0.08976035691616355,-0.058667430832275436,0.08520815836462871,0.5367202533793147,-0.635370614482708,-1.0,-0.9087934134188794,0.8090176866092154,-0.3482131634635627,-1.0,0.5833619224094354
166,0.8,0.6476701502070887,0.19763668125468356,0.9180979029989194,-0.16913151210218216,-0.21283905009554432,-0.08815104556108572,0.5889531799752639,-0.3463891497904916,-0.35074133777136596,-0.8877090217300825,1.0,-0.10236043418927461,-0.6757938624603234,0.3774259428980554
167,0.8,0.5716804996616347,-0.20061350346452766,1.0,-0.04783994792798346,-0.2828739749433345,-0.07291863810186161,0.06395244935844735,-0.7189974925370213,-0.5621028509144166,-1.0,0.810826616050428,-0.28359496280551943,-1.0,0.19039621231647744
168,0.81,0.8468970397821133,-0.9161880921044108,0.6257350357762018,-0.3542184627461893,-0.37643460665898554,-0.10347071748879988,0.5534866189655328,-0.34321029239422796,-0.43200892231974725,-1.0,1.0,-0.27547396378542827,-0.8765252437095428,0.43685344182053076
169,0.79,0.6525151780101817,-0.48496766470336183,0.652430627821968,-0.08978811999787813,-0.08236281836520087,-0.0489794800220994,0.381526373031029,-1.0,-0.7550076319157306,-0.7647062008221043,0.9846080189085624,-0.169687266179592,-0.899664548476282,0.49090902519617563
170,0.81,0.24174766041722293,-0.5852805034884407,0.4083929639241965,-0.14855208557551136,-0.1084386719198618,0.26746348752495497,0.13199450931959406,-0.6506584737235492,-0.7499843660299401,-0.9776120238092534,0.9087171123512782,-0.012708926258768061,-0.9684941874881189,0.04946342134982147
171,0.81,0.598779903259393,-0.65794487083835,0.21352975298330845,-0.09901880883393954,-0.07881017918276631,-0.18912266072663497,-0.333849302688447,-0.46440143602086814,-0.3897613947487526,-0.9502996579003852,0.7683950554866917,-0.019596641118706168,-1.0,0.2071760225581835
172,0.82,0.624369658099417,-0.499975209784589,0.15093307241852455,0.01057088277094087,-0.2449248601386586,-0.16449589586858637,-0.33659376059060625,-0.2607503940677892,-0.5243376290049672,-0.9414111761356111,1.0,-0.1298613170360816,-0.7267418114024888,0.039904793278912984
173,0.8,0.4617382814572475,-0.40016668269275446,0.3232141111432442,-0.005232348831610459,-0.04305223557090648,0.27663596541315777,0.26660011700069064,-0.06260018919552986,-0.8378529436417321,-0.9862813957115958,0.9622238325109929,-0.13659027838143106,-0.7802985536420592,0.31558854146258164
174,0.81,0.5893794056676208,-0.49256816669770265,0.07840239269628366,0.03853352146749578,-0.524786259189786,0.047594490553276594,0.19450578702728313,-0.3521958954288336,-0.44577535395664897,-0.7816818235723392,0.9001013412214779,-0.14267184913756145,-1.0,0.33274903699047687
175,0.84,0.5283126606853278,-0.7556517845429035,0.5033995493112493,0.08372372245657245,-0.12085111707167674,0.10307167914612547,0.019621103764471407,-0.21731615947473834,-0.5823124730043407,-0.7264750162101522,1.0,0.005123866120656996,-0.8443946168149354,0.10310715518497199
176,0.79,0.6805115530256602,-0.7071813611286789,0.7847268082702429,-0.032432579433536474,-0.24601155172149597,0.34138971243683996,0.13222563349215108,-0.3877631844171403,-0.5712695217101174,-1.0,0.9006031761812328,-0.039522151811856296,-0.6547560087683006,0.4069845144081438
177,0.79,0.7649167051776614,-0.7346371352122361,0.5110387885985893,-0.021564321668756076,-0.0850132619967823,0.36508128015598246,0.14192929932980045,-0.22955516411106347,-0.7131385144116409,-0.8359549840909289,0.8813810860678918,-0.17848034480913177,-0.9038496938386387,0.04219047215010388
178,0.83,0.6584486695157719,-0.7434779253839048,0.1588281456961944,-0.056401809947970366,-0.09634733370684534,0.08218097830045071,0.13272527578909615,-0.4538353929384878,-0.44805482644912115,-0.8699603314530835,0.9273230072940377,-0.04040892849474731,-0.7961759538953467,0.24751081621048066
179,0.84,0.5268285342100553,-1.0,0.9605406211698835,0.11391328383067005,-0.08297544845252093,0.41283807051040405,0.15040007793665452,-0.3304614725930937,-0.7340487967118997,-1.0,1.0,0.02450535058265252,-0.7908243463019059,0.33759406284211435
180,0.82,0.7321719321906506,-0.96391003976375,0.9355858850431961,0.1431215172673276,-0.027512330184554,0.30939187318516626,0.16595010211852024,-0.3222125189900142,-0.7665223046423143,-0.8143481823087496,1.0,0.08128058452904396,-0.8658514295736232,0.40358585780766926
181,0.77,0.86776272759796,-0.6499656308951002,1.0,-0.36690565586719937,-0.18185824157718994,0.21761195918703727,0.04992041742412316,-0.5216577743461481,-0.535737309440171,-1.0,0.9664138348949303,0.16917390520689357,-0.5959216881187224,0.614400028896783
182,0.82,0.7905443074434073,-0.9322868788467595,0.9137058713743298,-0.002549862658849343,-0.20361098812728837,0.3526873096110352,0.4030205166578884,-0.7555299713025946,-0.5951248028335342,-0.9280412458227767,0.9952998541815732,-0.0014086908898347794,-0.9559679612385575,0.372139139188092
183,0.79,0.6984846863142796,-0.9491145916552531,0.6169514116396388,0.068387669655433,-0.155400912763706,0.36412643687081125,0.3309401548470146,-0.39410349642303827,-0.8188996083278895,-0.8909015012342125,0.9135017157515152,-0.027412385230565495,-0.7614312093884371,0.44778953019546053
184,0.79,0.7168731053288435,-0.8106815216097191,1.0,-0.07385147687232092,-0.09123961323539574,-0.11172070251893121,-0.017220806959537645,-0.535100134192751,-0.424797553555615,-1.0,0.8299062865968427,-0.146772990127627,-0.7144552199557707,0.27025330493435523
185,0.78,0.42392820826301775,-0.9905685709277924,0.9573938707148187,0.0589076999722943,-0.5745653106232916,0.2988779180865433,0.20288490833384543,-0.38806671919525537,-0.7540935322729583,-0.9079503996595883,0.9049410650164124,-0.021800642978685378,-0.8418303009958169,0.32045166912307393
186,0.76,0.31594375568345856,-1.0,0.7331947334988594,0.004562273217913804,-0.2154694869377477,0.03766695460547449,0.09579837468743319,-0.32049555566482435,-0.6252489468264093,-0.9617819121032918,0.9549610878160908,-0.12365617497506005,-0.9113982873872957,0.4926101507877952
187,0.79,0.5892337956742544,-0.6166185303649006,0.9735404754553975,0.015853770719097666,-0.3642504737296153,0.0898857468479538,0.2955385607331952,-0.5149490073415744,-0.49132590409689464,-0.9095911072194582,0.9116810173310221,-0.058587508898522406,-1.0,0.10854238333883642
188,0.78,0.8991423127967865,-0.48754032162464883,0.7536988801571031,0.005926239274293928,-0.14293964317589364,0.22019100746375525,0.6298960922160509,-0.48775554960670586,-0.437535862772935,-0.8955338462894131,0.9166598702062885,0.05056485705534777,-0.7147397512694507,0.41290125660169014
189,0.83,0.73023449330621,-0.47811262296911533,1.0,-0.037458752853517005,-0.13131143012107194,0.30322428914733307,0.5523806514576658,-0.4415347148211578,-0.7758222618813229,-0.8815827770499508,1.0,-0.16782356696245626,-0.9160830960094302,0.6257622047834243
190,0.8,0.7742689865260617,-0.38310552978417234,0.9540724061042622,-0.18439776739747588,-0.13928549133424553,0.30700450259906353,0.5232134072767681,-0.47187017585941166,-0.7185805441883784,-1.0,0.8531071653358301,-0.25517481340793,-0.8516882014117538,0.5074894488667487
191,0.85,0.7226623774725259,-0.5419571291029336,1.0,-0.2358254444969109,-0.06357080896467855,0.11590532431016443,0.5412340860249341,-0.33460944371321655,-0.7124406415953753,-0.858255630910414,0.8759044446701441,-0.21090561917077444,-0.7925090919442185,0.6199177291850116
192,0.82,0.6973530229383353,-0.5475971365846726,1.0,0.3322530694424757,-0.39613896639461693,0.24260366505438255,0.7347997801690428,-0.3876055921428131,-0.6194960295695788,-1.0,0.6378026341431566,0.0849573701577379,-0.9327283867352023,0.5510715743836797
193,0.82,0.8717015303630887,-0.33346867727365564,0.9342946162725158,-0.32032256386737734,-0.35264807204277626,0.16462232939137766,0.6259292073195054,-0.15833755568625063,-0.5679800844646623,-0.9090919457062763,0.6990758940637892,-0.15919156806059678,-0.9963002603743019,0.550901502043665
194,0.75,0.7968361116794456,-0.4064828936406768,0.879986392801225,-0.26265985267330594,-0.029762777030534912,0.40509812029703296,0.3350782573297269,-0.24430405433336255,-0.7072768112177242,-1.0,0.8874726393637219,-0.02077002881866974,-0.7922110566473743,0.7349296993639574
195,0.78,0.5737164551414762,-0.5494419101739287,0.7254240922240296,0.010743623778159794,-0.3398439200743646,-0.0765594285596049,0.35135484542713125,-0.4675532128450108,-0.7804718304422629,-1.0,0.8970295451061385,-0.2401525334583292,-0.9898232747887836,0.06223474963801457
196,0.82,0.7162468162478978,-0.4397423936321062,0.7603265015334988,-0.34359475000024076,-0.6545316446044491,0.2629202810027964,0.3717801225076518,-0.3312677659949744,-0.5882705515964052,-1.0,1.0,-0.27800643607911635,-1.0,0.7187614348530835
197,0.75,0.9314508676956882,0.018359920833386584,0.46785917801651217,-0.4818289305581383,-0.256646754161396,-0.11633420320564662,0.7063131003856403,-0.39514049300934617,-0.39387858412501725,-0.9986115814821799,0.8852321445769025,-0.24459146992079336,-0.6403921632160782,0.5222086281377971
198,0.75,0.6055341409707787,-0.7549847838861797,0.7660024676799624,-0.162778602976026,-0.49576336497273077,0.14330897307696086,-0.1901276079892399,-0.2641459833056212,-0.5010168904340937,-0.9629454144500605,0.8528586072443176,-0.17804481737081002,-0.7145878764166198,0.5039207549644247
199,0.79,1.0,-0.34199566227936584,0.7545131936008144,-0.07511808093583339,-0.17721516352881578,-0.13501217704046933,0.6494445138140635,-0.3908204535884122,-0.27941338102530644,-1.0,0.8318036102765405,-0.25438849001176583,-0.7891398847296389,0.6353751154644525
200,0.75,0.8287172972023277,-0.21571720848166673,0.5786919579209855,-0.5383791443799366,-0.23517705124332222,0.47836705951517655,0.09740138940053311,-0.39412669952673174,-0.970347991296533,-1.0,1.0,-0.09432014922572463,-0.7711731724872694,0.5185425097423562
